DROP TABLE IF EXISTS DEPARTMENT
GO
CREATE TABLE DEPART_MENT
(
DEPARTMENT_ID INT,
DEPARTEMENT_NAME VARCHAR(100)
)

INSERT INTO DEPART_MENT VALUES(1, 'Computer Departement')
INSERT INTO DEPART_MENT VALUES(2, 'IT Departement')
INSERT INTO DEPART_MENT VALUES(3, 'Civil Departement')
INSERT INTO DEPART_MENT VALUES(4, 'Mechanical Departement')
INSERT INTO DEPART_MENT VALUES(5, 'Electrical Departement')


DROP TABLE IF EXISTS STUDENT_INFORMATION
GO
CREATE TABLE STUDENT_INFO
(
STUDENT_ID INT,
FIRST_NAME VARCHAR(100),
LAST_NAME VARCHAR(100),
CITY VARCHAR(100),
DEPARTMENT_ID INT
)



-- COMPUTER DEPARTEMENT STUDENT

INSERT INTO STUDENT_INFO VALUES(1,'Rushikesh','Pandit','Sangamner',1)
INSERT INTO STUDENT_INFO VALUES(2,'Shriram','Aghav','Newasa',1)
INSERT INTO STUDENT_INFO VALUES(3,'Bhushan','Patil','Akole',1)

-- IT DEPARTEMENT STUDENT
INSERT INTO STUDENT_INFO VALUES(4,'Priti','Hase','Sangamner',2)
INSERT INTO STUDENT_INFO VALUES(5,'Apurva','Shindhe','Newasa',2)
INSERT INTO STUDENT_INFO VALUES(6,'Monali','Kole','Akole',2)

-- CIVIL DEPARTEMENT STUDENT
INSERT INTO STUDENT_INFO VALUES(7,'Saurabh','Rashinkar','Mumbai',3)
INSERT INTO STUDENT_INFO VALUES(8,'Akash','Kakan','Bramati',3)
INSERT INTO STUDENT_INFO VALUES(9,'Mahesh','Raut','Pune',3)

-- MECHANICAL DEPARTEMENT STUDENT
INSERT INTO STUDENT_INFO VALUES(10,'Prashant','Kumar','Ranchi',4)
INSERT INTO STUDENT_INFO VALUES(11,'Aditya','Kale','Newasa',4)
INSERT INTO STUDENT_INFO VALUES(12,'Kabir','Saraf','Nanded',4)

-- DEPARTMENT NOTEXISTS 
INSERT INTO STUDENT_INFO VALUES(13,'XYZ','XYZ','Newasa',5)
INSERT INTO STUDENT_INFO VALUES(14,'PQR','PQR','Nanded',5)

SELECT * FROM STUDENT_INFO SI
SELECT * FROM DEPART_MENT D


SELECT * FROM STUDENT_INFORMATION SI WHERE SI.DEPARTMENT_ID=1

-- FIRST NAME , LAST NAME STUDENT_INFORAMTION
--DEPARTMENT NAME DEPARTMENT_TABEL

-- FIRST NAME , LAST NAME , DEPRATMENT_NAME 

--JOINS 

SELECT * FROM STUDENT_INFORMATION SI
SELECT * FROM DEPARTMENT D

SELECT * FROM STUDENT_INFORMATION SI 
INNER JOIN DEPARTMENT D ON SI.DEPARTMENT_ID=D.DEPARTMENT_ID







CREATE TABLE STUDENT_ACADAMIC_DATA(
STUDNET_ID INT,
FE_CGPA DECIMAL(18,2),
SE_CGPA DECIMAL(18,2),
TE_CGPA DECIMAL(18,2),
BE_CGPA DECIMAL(18,2)

)



INSERT INTO STUDENT_ACADAMIC_DATA VALUES(1,9.2,8.9,9.4,8.7)
INSERT INTO STUDENT_ACADAMIC_DATA VALUES(2,7.2,9.9,6.4,9.4)
INSERT INTO STUDENT_ACADAMIC_DATA VALUES(3,8.2,7.9,7.4,7.7)

INSERT INTO STUDENT_ACADAMIC_DATA VALUES(4,8.2,6.9,9.3,8.7)
INSERT INTO STUDENT_ACADAMIC_DATA VALUES(5,6.2,5.9,6.9,6.4)
INSERT INTO STUDENT_ACADAMIC_DATA VALUES(6,9.2,5.9,7.6,9.7)



INSERT INTO STUDENT_ACADAMIC_DATA VALUES(7,8.2,6.9,9.3,8.7)
INSERT INTO STUDENT_ACADAMIC_DATA VALUES(8,6.2,5.9,6.9,6.4)
INSERT INTO STUDENT_ACADAMIC_DATA VALUES(9,9.2,5.9,7.6,9.7)



INSERT INTO STUDENT_ACADAMIC_DATA VALUES(12,8.2,6.9,9.3,8.7)
INSERT INTO STUDENT_ACADAMIC_DATA VALUES(11,6.2,5.9,6.9,6.4)
INSERT INTO STUDENT_ACADAMIC_DATA VALUES(10,9.2,5.9,7.6,9.7)





SELECT * FROM STUDENT_INFORMATION SI

CREATE TABLE STUDENT_HOSTEL_INFORMATION
(
  HOSTEL_ID INT,
  HOSTEL_NAME VARCHAR(100),
  HOSTEL_RECTOR_NAME VARCHAR(100)

)



INSERT INTO STUDENT_HOSTEL_INFORMATION VALUES( 1, 'HARISHCHANDRAGAD', 'ABC')
INSERT INTO STUDENT_HOSTEL_INFORMATION VALUES( 2, 'SAJJANGAD', 'PQR')


CREATE TABLE STUDENT_DATA
(
STUDENT_ID INT,
FIRST_NAME VARCHAR(100),
LAST_NAME VARCHAR(100),
CITY VARCHAR(100),
HOSTEL_ID INT
)


INSERT INTO STUDENT_DATA VALUES(1,'Rushikesh','Pandit','Sangamner',1)
INSERT INTO STUDENT_DATA VALUES(2,'Shriram','Aghav','Newasa',2)
INSERT INTO STUDENT_DATA VALUES(3,'Bhushan','Patil','Akole',1)



SELECT SI.FIRST_NAME, SI.LAST_NAME, D.DEPARTEMENT_NAME FROM STUDENT_INFORMATION SI 
INNER JOIN DEPARTMENT D ON SI.DEPARTMENT_ID=D.DEPARTMENT_ID


--Rushikesh	Pandit	Sangamner		1		1	Computer Departement  YES 
--Rushikesh	Pandit	Sangamner		1		2	IT Departement
--1	Rushikesh	Pandit	Sangamner	1		3	Civil Departement
--1	Rushikesh	Pandit	Sangamner	1		4	Mechanical Departement
--1	Rushikesh	Pandit	Sangamner	1	   5	Electrical Departement

SELECT * FROM STUDENT_DATA
SELECT * FROM STUDENT_HOSTEL_INFORMATION SHI
--FIRST NAME ,LAST NAME , HOSTEL NAME , RECORD NAME 

--OUTPUT COLUMN : FIRT_NAME , LAST NAME , HOSTEL NAME N RECTOR NAME 
-- STUDNET DATA
-- HOSTE_INFO

-- JOIN 
-- COMMON COLUMN 
-- BASE TABLE COLUMN REFER TO REFRENCE TABLE
-- HOSTEL ID 

SELECT * FROM STUDENT_DATA
SELECT * FROM STUDENT_HOSTEL_INFORMATION SHI

SELECT FIRST_NAME, LAST_NAME, SHI.HOSTEL_NAME, SHI.HOSTEL_RECTOR_NAME FROM STUDENT_DATA SD 
INNER JOIN STUDENT_HOSTEL_INFORMATION SHI ON SD.HOSTEL_ID=SHI.HOSTEL_ID 


INSERT INTO STUDENT_DATA(STUDENT_ID, FIRST_NAME, LAST_NAME,CITY) VALUES(4, 'MAHESH', 'RAUT','NAGAR')

-- FIRT NAME , LAST NAME , IF HOSTER IS ALLOCATED THEN SHOW HOSTEL DETIAL

-- 2 TABLE  STUDENT_DATA,STUDENT_HOSTEL_INFORMATION


SELECT * FROM STUDENT_DATA SD
SELECT * FROM STUDENT_HOSTEL_INFORMATION SHI

SELECT SD.FIRST_NAME, SD.LAST_NAME, SHI.HOSTEL_NAME FROM
STUDENT_DATA SD INNER JOIN STUDENT_HOSTEL_INFORMATION SHI ON SD.HOSTEL_ID=SHI.HOSTEL_ID
 

 -- LEFT JOIN = INNER JOIN + NON-MATCING RECORD IN LEFT TABLE



 
SELECT * FROM STUDENT_DATA SD LEFT JOIN STUDENT_HOSTEL_INFORMATION
 SHI ON SD.HOSTEL_ID=SHI.HOSTEL_ID

--- IF THER IS NO RECORD IN REFRENCE TABLE FOR GIVE CONDITION THEN RECORD GEST SKIPPED

--out 
-- INNNER JOIN , LEFT JOIN(LEFT OUTER JOIN), RIGHT JOIN , CROSS JOIN, SELF JOIN 

-- left join : inner join (matching data) + left table record mathcing not foudn 








